Model,Accuracy,Precision,Recall,F1-Score,AUC-ROC
Random Forest,0.725,0.5423728813559322,0.5333333333333333,0.5378151260504201,0.7585119047619047
Logistic Regression,0.71,0.5131578947368421,0.65,0.5735294117647058,0.7570238095238095
Gradient Boosting,0.705,0.5072463768115942,0.5833333333333334,0.5426356589147286,0.7455952380952381
XGBoost,0.705,0.5084745762711864,0.5,0.5042016806722689,0.7042857142857143
